id,alert_ts,ticker,strike,type,paper_entry,status,my_return_pct,notes
095101-MSFT405,2026-07-07T09:51:01.353229-04:00,MSFT,405,C,1.7,PAPER,,conf=40
100204-MU1160,2026-07-07T10:02:04.560380-04:00,MU,1160,C,1.4,PAPER,,conf=18
100211-MU715,2026-07-07T10:02:11.942984-04:00,MU,715,P,1.7,PAPER,,conf=25
100219-SPCX165,2026-07-07T10:02:19.785511-04:00,SPCX,165,C,1.5,PAPER,,conf=40
100228-QQQ719,2026-07-07T10:02:28.898452-04:00,QQQ,719,C,0.25,PAPER,,conf=32
130150-SPX7530,2026-07-07T13:01:50.354755-04:00,SPX,7530,C,2.5,PAPER,,conf=39
154349-SPX7495,2026-07-07T15:43:49.315082-04:00,SPX,7495,C,2.3,PAPER,,conf=42
155716-SPX7500,2026-07-07T15:57:16.388037-04:00,SPX,7500,P,0.4,PAPER,,conf=47
093821-BABA110,2026-07-08T09:38:21.407957-04:00,BABA,110,C,0.7,PAPER,,conf=40
094214-NBIS235,2026-07-08T09:42:14.777690-04:00,NBIS,235,C,1.8,PAPER,,conf=36
100827-PENG100,2026-07-08T10:08:27.560279-04:00,PENG,100,C,1.0,PAPER,,conf=16
131925-AVGO415,2026-07-09T13:19:25.706767-04:00,AVGO,415,C,1.5,PAPER,,conf=55
145421-SPX7545,2026-07-09T14:54:21.538571-04:00,SPX,7545,C,1.25,PAPER,,conf=39
154630-SPX7535,2026-07-09T15:46:30.370924-04:00,SPX,7535,P,0.75,PAPER,,conf=37
093314-META660,2026-07-10T09:33:14.761309-04:00,META,660,P,3.0,PAPER,,conf=24
093803-TSLA420,2026-07-10T09:38:03.057951-04:00,TSLA,420,C,0.7,PAPER,,conf=46
093911-MSFT397.5,2026-07-10T09:39:11.540053-04:00,MSFT,397.5,C,0.55,PAPER,,conf=39
100729-SPX7490,2026-07-10T10:07:29.449902-04:00,SPX,7490,P,1.2,PAPER,,conf=39
101319-MSFT390,2026-07-10T10:13:19.236112-04:00,MSFT,390,C,0.5,PAPER,,conf=46
104350-META375,2026-07-10T10:43:50.260074-04:00,META,375,C,2.9,PAPER,,conf=36
104943-META675,2026-07-10T10:49:43.343527-04:00,META,675,C,2.9,PAPER,,conf=42
105452-TSLA410,2026-07-10T10:54:52.420690-04:00,TSLA,410,C,1.5,PAPER,,conf=50
111726-SPX7580,2026-07-10T11:17:26.610422-04:00,SPX,7580,C,1.15,PAPER,,conf=37
112248-SPCX149,2026-07-10T11:22:48.921745-04:00,SPCX,149,C,0.8,PAPER,,conf=22
114459-MU1000,2026-07-10T11:44:59.857810-04:00,MU,1000,C,2.75,PAPER,,conf=16
120231-META665,2026-07-10T12:02:31.235716-04:00,META,665,P,2.0,PAPER,,conf=35
130611-TSLA417,2026-07-10T13:06:11.649262-04:00,TSLA,417,C,0.39,PAPER,,conf=48
130616-MSTR95,2026-07-10T13:06:16.970939-04:00,MSTR,95,C,0.6,PAPER,,conf=31
130621-NVDA212.5,2026-07-10T13:06:21.994207-04:00,NVDA,212.5,C,0.14,PAPER,,conf=26
130625-META672,2026-07-10T13:06:25.984849-04:00,META,672,C,1.7,PAPER,,conf=33
135830-SPX4560,2026-07-10T13:58:30.809551-04:00,SPX,4560,P,1.9,PAPER,,conf=44
140947-SPCX152.5,2026-07-10T14:09:47.821221-04:00,SPCX,152.5,C,0.1,PAPER,,conf=26
142334-SNDK2000,2026-07-10T14:23:34.698701-04:00,SNDK,2000,C,0.6,PAPER,,conf=43
143541-SNDK1860,2026-07-10T14:35:41.692950-04:00,SNDK,1860,P,1.0,PAPER,,conf=14
160057-SPY755,2026-07-10T16:00:57.128346-04:00,SPY,755,P,0.15,PAPER,,conf=22
