id,alert_ts,ticker,strike,type,paper_entry,status,my_return_pct,notes
093245-SPY750,2026-07-06T09:32:45.505011-04:00,SPY,750,C,0.8,PAPER,,conf=59
093330-SPX7550,2026-07-06T09:33:30.584085-04:00,SPX,7550,C,2.7,PAPER,,conf=47
094229-TSLA400,2026-07-06T09:42:29.478054-04:00,TSLA,400,C,1.6,PAPER,,conf=53
095924-TSLA400,2026-07-06T09:59:24.966022-04:00,TSLA,400,C,1.6,PAPER,,conf=57
100134-NVDA200,2026-07-06T10:01:34.362331-04:00,NVDA,200,C,0.1,PAPER,,conf=22
111141-SPY750,2026-07-06T11:11:41.586493-04:00,SPY,750,C,0.8,PAPER,,conf=74
115750-SPY750,2026-07-06T11:57:50.844256-04:00,SPY,750,C,0.8,PAPER,,conf=70
120428-SPCX180,2026-07-06T12:04:28.115062-04:00,SPCX,180,C,1.3,PAPER,,conf=40
121104-SPY750,2026-07-06T12:11:04.830703-04:00,SPY,750,C,0.8,PAPER,,conf=70
134336-SPX7550,2026-07-06T13:43:36.462167-04:00,SPX,7550,C,2.7,PAPER,,conf=22
095052-TSLA430,2026-07-07T09:50:52.429878-04:00,TSLA,430,C,2.3,PAPER,,conf=45
100253-SPY751,2026-07-07T10:02:53.525936-04:00,SPY,751,C,0.9,PAPER,,conf=55
120531-AMZN250,2026-07-07T12:05:31.180751-04:00,AMZN,250,C,0.34,PAPER,,conf=24
135024-IWM298,2026-07-07T13:50:24.197784-04:00,IWM,298,C,0.14,PAPER,,conf=45
093127-NVDA200,2026-07-08T09:31:27.390883-04:00,NVDA,200,C,0.3,PAPER,,conf=41
093528-TSLA410,2026-07-08T09:35:28.179810-04:00,TSLA,410,C,0.55,PAPER,,conf=47
093943-SPY740,2026-07-08T09:39:43.792024-04:00,SPY,740,P,0.8,PAPER,,conf=52
100442-XOM145,2026-07-08T10:04:42.759906-04:00,XOM,145,C,0.52,PAPER,,conf=43
110732-SPY750,2026-07-09T11:07:32.719533-04:00,SPY,750,C,0.55,PAPER,,conf=62
112043-AAPL315,2026-07-09T11:20:43.024674-04:00,AAPL,315,C,0.9,PAPER,,conf=69
121647-TSLA410,2026-07-09T12:16:47.970891-04:00,TSLA,410,C,0.8,PAPER,,conf=60
124051-SPX7550,2026-07-09T12:40:51.487224-04:00,SPX,7550,C,1.1,PAPER,,conf=46
093302-MSFT395,2026-07-10T09:33:02.417059-04:00,MSFT,395,C,0.7,PAPER,,conf=50
095852-AMZN250,2026-07-10T09:58:52.315334-04:00,AMZN,250,C,0.3,PAPER,,conf=35
